Longitude (x),Latitude (y),Station Name,Climate ID,Date/Time,Year,Month,Day,Data Quality,Max Temp (°C),Max Temp Flag,Min Temp (°C),Min Temp Flag,Mean Temp (°C),Mean Temp Flag,Heat Deg Days (°C),Heat Deg Days Flag,Cool Deg Days (°C),Cool Deg Days Flag,Total Rain (mm),Total Rain Flag,Total Snow (cm),Total Snow Flag,Total Precip (mm),Total Precip Flag,Snow on Grnd (cm),Snow on Grnd Flag,Dir of Max Gust (10s deg),Dir of Max Gust Flag,Spd of Max Gust (km/h),Spd of Max Gust Flag
-115.57,51.18,BANFF,3050520,1995-01-01,1995,1,1,,-10.5,,-22,,-16.3,,34.3,,0,,0,,0,,0,,20,,,,,
-115.57,51.18,BANFF,3050520,1995-01-02,1995,1,2,,-14,,-32.5,,-23.3,,41.3,,0,,0,,0,,0,,18,,,,,
-115.57,51.18,BANFF,3050520,1995-01-03,1995,1,3,,-11,,-32.5,,-21.8,,39.8,,0,,0,,0,,0,,18,,,,,
-115.57,51.18,BANFF,3050520,1995-01-04,1995,1,4,,-8,,-25,,-16.5,,34.5,,0,,0,,0,,0,,18,,,,,
-115.57,51.18,BANFF,3050520,1995-01-05,1995,1,5,,-11,,-27,,-19,,37,,0,,0,,0,,0,,18,,,,,
-115.57,51.18,BANFF,3050520,1995-01-06,1995,1,6,,-9.5,,-28.5,,-19,,37,,0,,0,,0,,0,,18,,,,,
-115.57,51.18,BANFF,3050520,1995-01-07,1995,1,7,,-11,,-21,,-16,,34,,0,,0,,0,,0,,18,,,,,
-115.57,51.18,BANFF,3050520,1995-01-08,1995,1,8,,-8,,-20.5,,-14.3,,32.3,,0,,0,,0,,0,,18,,,,,
-115.57,51.18,BANFF,3050520,1995-01-09,1995,1,9,,-3,,-20,,-11.5,,29.5,,0,,0,,2.6,,1.8,,18,,,,,
-115.57,51.18,BANFF,3050520,1995-01-10,1995,1,10,,1,,-9,,-4,,22,,0,,0,,0.8,,0.6,,20,,,,,
-115.57,51.18,BANFF,3050520,1995-01-11,1995,1,11,,-0.5,,-3,,-1.8,,19.8,,0,,0,,0,T,0,T,20,,,,,
-115.57,51.18,BANFF,3050520,1995-01-12,1995,1,12,,-1,,-5.5,,-3.3,,21.3,,0,,0,,0,,0,,19,,,,,
-115.57,51.18,BANFF,3050520,1995-01-13,1995,1,13,,-1.5,,-9.5,,-5.5,,23.5,,0,,0,,0.6,,0.4,,18,,,,,
-115.57,51.18,BANFF,3050520,1995-01-14,1995,1,14,,-2,,-6.5,,-4.3,,22.3,,0,,0,,0.6,,0.4,,19,,,,,
-115.57,51.18,BANFF,3050520,1995-01-15,1995,1,15,,0,,-8,,-4,,22,,0,,0,,0.8,,0.6,,19,,,,,
-115.57,51.18,BANFF,3050520,1995-01-16,1995,1,16,,-2,,-9.5,,-5.8,,23.8,,0,,0,,0,T,0,T,19,,,,,
-115.57,51.18,BANFF,3050520,1995-01-17,1995,1,17,,-1,,-12,,-6.5,,24.5,,0,,0,,0,T,0,T,19,,,,,
-115.57,51.18,BANFF,3050520,1995-01-18,1995,1,18,,0,,-12,,-6,,24,,0,,0,,0,T,0,T,19,,,,,
-115.57,51.18,BANFF,3050520,1995-01-19,1995,1,19,,1.5,,-5,,-1.8,,19.8,,0,,0,,0,,0,,19,,,,,
-115.57,51.18,BANFF,3050520,1995-01-20,1995,1,20,,-3,,-15,,-9,,27,,0,,0,,0,,0,,18,,,,,
-115.57,51.18,BANFF,3050520,1995-01-21,1995,1,21,,-2,,-16.5,,-9.3,,27.3,,0,,0,,0,,0,,18,,,,,
-115.57,51.18,BANFF,3050520,1995-01-22,1995,1,22,,-3,,-20,,-11.5,,29.5,,0,,0,,0,,0,,18,,,,,
-115.57,51.18,BANFF,3050520,1995-01-23,1995,1,23,,-3,,-20,,-11.5,,29.5,,0,,0,,0,,0,,18,,,,,
-115.57,51.18,BANFF,3050520,1995-01-24,1995,1,24,,-4,,-20,,-12,,30,,0,,0,,0,,0,,18,,,,,
-115.57,51.18,BANFF,3050520,1995-01-25,1995,1,25,,-2,,-20,,-11,,29,,0,,0,,0,,0,,18,,,,,
-115.57,51.18,BANFF,3050520,1995-01-26,1995,1,26,,0,,-14,,-7,,25,,0,,0,,0,T,0,T,18,,,,,
-115.57,51.18,BANFF,3050520,1995-01-27,1995,1,27,,2.5,,-13,,-5.3,,23.3,,0,,0,,0,,0,,18,,,,,
-115.57,51.18,BANFF,3050520,1995-01-28,1995,1,28,,0,,-18,,-9,,27,,0,,0,,0,,0,,18,,,,,
-115.57,51.18,BANFF,3050520,1995-01-29,1995,1,29,,6,,-18,,-6,,24,,0,,0,,0,,0,,18,,,,,
-115.57,51.18,BANFF,3050520,1995-01-30,1995,1,30,,3.5,,-8,,-2.3,,20.3,,0,,0,,0,,0,,18,,,,,
-115.57,51.18,BANFF,3050520,1995-01-31,1995,1,31,,6.5,,-3.5,,1.5,,16.5,,0,,0.8,,0,,0.8,,18,,,,,
-115.57,51.18,BANFF,3050520,1995-02-01,1995,2,1,,6.5,,1.5,,4,,14,,0,,0,,1,,0.8,,13,,,,,
-115.57,51.18,BANFF,3050520,1995-02-02,1995,2,2,,5,,-0.5,,2.3,,15.7,,0,,0,,1,,0.8,,12,,,,,
-115.57,51.18,BANFF,3050520,1995-02-03,1995,2,3,,3.5,,-6,,-1.3,,19.3,,0,,0,,0.8,,0.6,,12,,,,,
-115.57,51.18,BANFF,3050520,1995-02-04,1995,2,4,,4.5,,-4,,0.3,,17.7,,0,,0,,0,,0,,12,,,,,
-115.57,51.18,BANFF,3050520,1995-02-05,1995,2,5,,3.5,,-12.5,,-4.5,,22.5,,0,,0,,0,,0,,11,,,,,
-115.57,51.18,BANFF,3050520,1995-02-06,1995,2,6,,5,,-12.5,,-3.8,,21.8,,0,,2,,10,,12,,10,,,,,
-115.57,51.18,BANFF,3050520,1995-02-07,1995,2,7,,1,,-2,,-0.5,,18.5,,0,,0,,0.6,,0.6,,20,,,,,
-115.57,51.18,BANFF,3050520,1995-02-08,1995,2,8,,0,,-10.5,,-5.3,,23.3,,0,,0,,0,,0,,19,,,,,
-115.57,51.18,BANFF,3050520,1995-02-09,1995,2,9,,3,,-10.5,,-3.8,,21.8,,0,,0,,1,,0.6,,19,,,,,
-115.57,51.18,BANFF,3050520,1995-02-10,1995,2,10,,-6,,-13,,-9.5,,27.5,,0,,0,,0,T,0,T,20,,,,,
-115.57,51.18,BANFF,3050520,1995-02-11,1995,2,11,,-9,,-21,,-15,,33,,0,,0,,0,,0,,20,,,,,
-115.57,51.18,BANFF,3050520,1995-02-12,1995,2,12,,-15,,-24,,-19.5,,37.5,,0,,0,,0,,0,,20,,,,,
-115.57,51.18,BANFF,3050520,1995-02-13,1995,2,13,,-13,,-33,,-23,,41,,0,,0,,0,,0,,20,,,,,
-115.57,51.18,BANFF,3050520,1995-02-14,1995,2,14,,-8.5,,-33.5,,-21,,39,,0,,0,,0,,0,,20,,,,,
-115.57,51.18,BANFF,3050520,1995-02-15,1995,2,15,,-6,,-33.5,,-19.8,,37.8,,0,,0,,0,,0,,20,,,,,
-115.57,51.18,BANFF,3050520,1995-02-16,1995,2,16,,-7.5,,-21,,-14.3,,32.3,,0,,0,,4,,3.8,,20,,,,,
-115.57,51.18,BANFF,3050520,1995-02-17,1995,2,17,,0.5,,-15.5,,-7.5,,25.5,,0,,0,,2.4,,2,,24,,,,,
-115.57,51.18,BANFF,3050520,1995-02-18,1995,2,18,,5.5,,-14.5,,-4.5,,22.5,,0,,0,,2.6,,2,,26,,,,,
-115.57,51.18,BANFF,3050520,1995-02-19,1995,2,19,,6.5,,-3.5,,1.5,,16.5,,0,,0,,0,,0,,27,,,,,
-115.57,51.18,BANFF,3050520,1995-02-20,1995,2,20,,9.5,,-3,,3.3,,14.7,,0,,2.6,,0,,2.6,,25,,,,,
-115.57,51.18,BANFF,3050520,1995-02-21,1995,2,21,,6.5,,-3,,1.8,,16.2,,0,,0,,0,,0,,19,,,,,
-115.57,51.18,BANFF,3050520,1995-02-22,1995,2,22,,4.5,,0,,2.3,,15.7,,0,,0,,0,,0,,17,,,,,
-115.57,51.18,BANFF,3050520,1995-02-23,1995,2,23,,6,,-8,,-1,,19,,0,,0,,0,,0,,15,,,,,
-115.57,51.18,BANFF,3050520,1995-02-24,1995,2,24,,6.5,,-8,,-0.8,,18.8,,0,,0.4,,0,,0.4,,14,,,,,
-115.57,51.18,BANFF,3050520,1995-02-25,1995,2,25,,4.5,,1,,2.8,,15.2,,0,,0,,0,,0,,12,,,,,
-115.57,51.18,BANFF,3050520,1995-02-26,1995,2,26,,-8,,-12.5,,-10.3,,28.3,,0,,0,,0,,0,,12,,,,,
-115.57,51.18,BANFF,3050520,1995-02-27,1995,2,27,,-6.5,,-22,,-14.3,,32.3,,0,,0,,0,,0,,12,,,,,
-115.57,51.18,BANFF,3050520,1995-02-28,1995,2,28,,-7.5,,-23,,-15.3,,33.3,,0,,0,,0,,0,,12,,,,,
-115.57,51.18,BANFF,3050520,1995-03-01,1995,3,1,,-2,,-25,,-13.5,,31.5,,0,,0,,0,,0,,12,,,,,
-115.57,51.18,BANFF,3050520,1995-03-02,1995,3,2,,1,,-25,,-12,,30,,0,,0,,0,T,0,T,12,,,,,
-115.57,51.18,BANFF,3050520,1995-03-03,1995,3,3,,-5.5,,-18.5,,-12,,30,,0,,0,,0,T,0,T,11,,,,,
-115.57,51.18,BANFF,3050520,1995-03-04,1995,3,4,,-16.5,,-21.5,,-19,,37,,0,,0,,0,,0,,11,,,,,
-115.57,51.18,BANFF,3050520,1995-03-05,1995,3,5,,-14,,-27.5,,-20.8,,38.8,,0,,0,,0,,0,,11,,,,,
-115.57,51.18,BANFF,3050520,1995-03-06,1995,3,6,,-10,,-27.5,,-18.8,,36.8,,0,,0,,0,T,0,T,11,,,,,
-115.57,51.18,BANFF,3050520,1995-03-07,1995,3,7,,-3,,-27.5,,-15.3,,33.3,,0,,0,,0,,0,,11,,,,,
-115.57,51.18,BANFF,3050520,1995-03-08,1995,3,8,,-1.5,,-22.5,,-12,,30,,0,,0,,2,,1.6,,11,,,,,
-115.57,51.18,BANFF,3050520,1995-03-09,1995,3,9,,5,,-12,,-3.5,,21.5,,0,,10.4,,0,,10.4,,12,,,,,
-115.57,51.18,BANFF,3050520,1995-03-10,1995,3,10,,6,,-4,,1,,17,,0,,2.6,,0,,2.6,,5,,,,,
-115.57,51.18,BANFF,3050520,1995-03-11,1995,3,11,,6,,-0.5,,2.8,,15.2,,0,,2,,0,,2,,4,,,,,
-115.57,51.18,BANFF,3050520,1995-03-12,1995,3,12,,8,,0,,4,,14,,0,,0.4,,1,,1.2,,4,,,,,
-115.57,51.18,BANFF,3050520,1995-03-13,1995,3,13,,4.5,,-1,,1.8,,16.2,,0,,0,,0,,0,,5,,,,,
-115.57,51.18,BANFF,3050520,1995-03-14,1995,3,14,,7,,-1,,3,,15,,0,,0,,0,,0,,3,,,,,
-115.57,51.18,BANFF,3050520,1995-03-15,1995,3,15,,7.5,,0,,3.8,,14.2,,0,,0,,0,,0,,3,,,,,
-115.57,51.18,BANFF,3050520,1995-03-16,1995,3,16,,6,,-3,,1.5,,16.5,,0,,0,,0,,0,,3,,,,,
-115.57,51.18,BANFF,3050520,1995-03-17,1995,3,17,,6,,-5,,0.5,,17.5,,0,,0,,0,,0,,2,,,,,
-115.57,51.18,BANFF,3050520,1995-03-18,1995,3,18,,6.5,,-5,,0.8,,17.2,,0,,0,,0,,0,,1,,,,,
-115.57,51.18,BANFF,3050520,1995-03-19,1995,3,19,,7.5,,-3.5,,2,,16,,0,,0,,0,,0,,0,T,,,,
-115.57,51.18,BANFF,3050520,1995-03-20,1995,3,20,,9,,-4,,2.5,,15.5,,0,,0.4,,0,T,0.4,,0,T,,,,
-115.57,51.18,BANFF,3050520,1995-03-21,1995,3,21,,4,,-3,,0.5,,17.5,,0,,0,,1.6,,1.4,,0,T,,,,
-115.57,51.18,BANFF,3050520,1995-03-22,1995,3,22,,4.5,,-6,,-0.8,,18.8,,0,,0,,0,T,0,T,1,,,,,
-115.57,51.18,BANFF,3050520,1995-03-23,1995,3,23,,3.5,,-5,,-0.8,,18.8,,0,,0,,0,T,0,T,0,T,,,,
-115.57,51.18,BANFF,3050520,1995-03-24,1995,3,24,,7.5,,-3,,2.3,,15.7,,0,,0,,2.6,,1.8,,0,T,,,,
-115.57,51.18,BANFF,3050520,1995-03-25,1995,3,25,,3.5,,-6,,-1.3,,19.3,,0,,0,,0,,0,,2,,,,,
-115.57,51.18,BANFF,3050520,1995-03-26,1995,3,26,,8,,-11.5,,-1.8,,19.8,,0,,0,,0,,0,,0,T,,,,
-115.57,51.18,BANFF,3050520,1995-03-27,1995,3,27,,7,,-11,,-2,,20,,0,,0,,0,,0,,0,T,,,,
-115.57,51.18,BANFF,3050520,1995-03-28,1995,3,28,,9.5,,-8,,0.8,,17.2,,0,,0,,0,,0,,0,,,,,
-115.57,51.18,BANFF,3050520,1995-03-29,1995,3,29,,13.5,,-8,,2.8,,15.2,,0,,0,,0,,0,,0,,,,,
-115.57,51.18,BANFF,3050520,1995-03-30,1995,3,30,,12.5,,-5,,3.8,,14.2,,0,,0,,0,,0,,0,,,,,
-115.57,51.18,BANFF,3050520,1995-03-31,1995,3,31,,15,,-4,,5.5,,12.5,,0,,0,,0,T,0,T,0,,,,,
-115.55,51.19,BANFF CS,3050519,1995-04-01,1995,4,1,,9.9,,-0.6,,4.7,,13.3,,0,,0,,2.5,E,2.5,E,5,,,,,
-115.55,51.19,BANFF CS,3050519,1995-04-02,1995,4,2,,7.2,,-0.3,,3.5,,14.5,,0,,0,,2.1,E,2.1,E,6,,,,,
-115.55,51.19,BANFF CS,3050519,1995-04-03,1995,4,3,,8.1,,-4.4,,1.9,,16.1,,0,,0,,1,E,1,E,5,,,,,
-115.55,51.19,BANFF CS,3050519,1995-04-04,1995,4,4,,13.1,,-1.9,,5.6,,12.4,,0,,0,,0,,0,,5,,,,,
-115.55,51.19,BANFF CS,3050519,1995-04-05,1995,4,5,,7.2,,-3.7,,1.8,,16.2,,0,,0,,2,E,2,E,4,,,,,
-115.55,51.19,BANFF CS,3050519,1995-04-06,1995,4,6,,9.8,,-3.1,,3.4,,14.6,,0,,0,,1.3,E,1.3,E,5,,,,,
-115.55,51.19,BANFF CS,3050519,1995-04-07,1995,4,7,,11.2,,-6.6,,2.3,,15.7,,0,,0,,2.4,E,2.4,E,5,,,,,
-115.55,51.19,BANFF CS,3050519,1995-04-08,1995,4,8,,12.4,,-3.7,,4.4,,13.6,,0,,0,,8.4,E,8.4,E,6,,,,,
-115.55,51.19,BANFF CS,3050519,1995-04-09,1995,4,9,,1.6,,-4.8,,-1.6,,19.6,,0,,0,,7,E,7,E,10,,,,,
-115.55,51.19,BANFF CS,3050519,1995-04-10,1995,4,10,,7.6,,-4.2,,1.7,,16.3,,0,,0,,0,,0,,7,,,,,
-115.55,51.19,BANFF CS,3050519,1995-04-11,1995,4,11,,7.2,,-2.4,,2.4,,15.6,,0,,0,,0,,0,,4,,,,,
-115.55,51.19,BANFF CS,3050519,1995-04-12,1995,4,12,,7.2,,-6.9,,0.2,,17.8,,0,,0,,1.2,E,1.2,E,4,,,,,
-115.55,51.19,BANFF CS,3050519,1995-04-13,1995,4,13,,8.6,,-1.5,,3.6,,14.4,,0,,0,,1.2,E,1.2,E,4,,,,,
-115.55,51.19,BANFF CS,3050519,1995-04-14,1995,4,14,,5,,-3.4,,0.8,,17.2,,0,,0,,2.2,E,2.2,E,6,,,,,
-115.55,51.19,BANFF CS,3050519,1995-04-15,1995,4,15,,2.6,,-2.4,,0.1,,17.9,,0,,0,,12.7,E,12.7,E,8,,,,,
-115.55,51.19,BANFF CS,3050519,1995-04-16,1995,4,16,,6.3,,-3.4,,1.5,,16.5,,0,,0,,14.1,E,14.1,E,9,,,,,
-115.55,51.19,BANFF CS,3050519,1995-04-17,1995,4,17,,9.2,,-7.2,,1,,17,,0,,0,,0,,0,,4,,,,,
-115.55,51.19,BANFF CS,3050519,1995-04-18,1995,4,18,,9.1,,-3.8,,2.7,,15.3,,0,,0,,0,,0,,5,,,,,
-115.55,51.19,BANFF CS,3050519,1995-04-19,1995,4,19,,9.9,,-4.5,,2.7,,15.3,,0,,0,,5.9,E,5.9,E,5,,,,,
-115.55,51.19,BANFF CS,3050519,1995-04-20,1995,4,20,,7.5,,0.4,,4,,14,,0,,0,,8.8,E,8.8,E,5,,,,,
-115.55,51.19,BANFF CS,3050519,1995-04-21,1995,4,21,,10.5,,-1,,4.8,,13.2,,0,,0,,2.8,E,2.8,E,4,,,,,
-115.55,51.19,BANFF CS,3050519,1995-04-22,1995,4,22,,11.7,,-1.8,,5,,13,,0,,0,,1,E,1,E,4,,,,,
-115.55,51.19,BANFF CS,3050519,1995-04-23,1995,4,23,,13.9,,-3,,5.5,,12.5,,0,,0,,1.1,E,1.1,E,4,,,,,
-115.55,51.19,BANFF CS,3050519,1995-04-24,1995,4,24,,6.3,,0,,3.2,,14.8,,0,,0,,1.6,E,1.6,E,5,,,,,
-115.55,51.19,BANFF CS,3050519,1995-04-25,1995,4,25,,6.1,,-1.6,,2.3,,15.7,,0,,0,,10.5,E,10.5,E,9,,,,,
-115.55,51.19,BANFF CS,3050519,1995-04-26,1995,4,26,,7.9,,-3.1,,2.4,,15.6,,0,,0,,0,,0,,7,,,,,
-115.55,51.19,BANFF CS,3050519,1995-04-27,1995,4,27,,8.6,,-0.9,,3.9,,14.1,,0,,0,,1.1,E,1.1,E,6,,,,,
-115.55,51.19,BANFF CS,3050519,1995-04-28,1995,4,28,,4.2,,-1.2,,1.5,,16.5,,0,,0,,2.6,E,2.6,E,5,,,,,
-115.55,51.19,BANFF CS,3050519,1995-04-29,1995,4,29,,0.8,,-3,,-1.1,,19.1,,0,,0,,0,,0,,5,,,,,
-115.55,51.19,BANFF CS,3050519,1995-04-30,1995,4,30,,4.6,,-3.3,,0.7,,17.3,,0,,0,,1.8,E,1.8,E,4,,,,,
-115.55,51.19,BANFF CS,3050519,1995-05-01,1995,5,1,,9.6,E,-1.7,E,4,E,14,E,0,E,0,,0,,0,,6,E,,,,
-115.55,51.19,BANFF CS,3050519,1995-05-02,1995,5,2,,6.8,,0.1,,3.5,,14.5,,0,,0,,0,,0,,4,E,,,,
-115.55,51.19,BANFF CS,3050519,1995-05-03,1995,5,3,,2.9,,-0.7,,1.1,,16.9,,0,,0,,3.6,E,3.6,E,7,E,,,,
-115.55,51.19,BANFF CS,3050519,1995-05-04,1995,5,4,,7.8,,0.5,,4.2,,13.8,,0,,0,T,0,,0,T,4,E,,,,
-115.55,51.19,BANFF CS,3050519,1995-05-05,1995,5,5,,8.2,,-0.8,E,3.7,E,14.3,E,0,E,8.8,,0,,8.8,,3,E,,,,
-115.55,51.19,BANFF CS,3050519,1995-05-06,1995,5,6,,5.4,,0.5,,3,,15,,0,,10.8,,0,,10.8,,5,E,,,,
-115.55,51.19,BANFF CS,3050519,1995-05-07,1995,5,7,,8.4,,0.9,,4.7,,13.3,,0,,0.4,,0,,0.4,,5,E,,,,
-115.55,51.19,BANFF CS,3050519,1995-05-08,1995,5,8,,13.9,,-3,,5.5,,12.5,,0,,0,,0,,0,,6,E,,,,
-115.55,51.19,BANFF CS,3050519,1995-05-09,1995,5,9,,18.2,,-2.9,,7.7,,10.3,,0,,0,,0,,0,,6,E,,,,
-115.55,51.19,BANFF CS,3050519,1995-05-10,1995,5,10,,17.7,,0,,8.9,,9.1,,0,,0,,0,,0,,3,E,,,,
-115.55,51.19,BANFF CS,3050519,1995-05-11,1995,5,11,,16.5,,0.6,,8.6,,9.4,,0,,11,,0,,11,,5,E,,,,
-115.55,51.19,BANFF CS,3050519,1995-05-12,1995,5,12,,5.8,,-1.1,,2.4,,15.6,,0,,24,,5.7,E,29.7,E,6,E,,,,
-115.55,51.19,BANFF CS,3050519,1995-05-13,1995,5,13,,15.6,,-2.4,,6.6,,11.4,,0,,0,,0,,0,,7,E,,,,
-115.55,51.19,BANFF CS,3050519,1995-05-14,1995,5,14,,18.1,,-0.5,,8.8,,9.2,,0,,0,,0,,0,,5,E,,,,
-115.55,51.19,BANFF CS,3050519,1995-05-15,1995,5,15,,15,,4.4,,9.7,,8.3,,0,,2.4,,0,,2.4,,,M,,,,
-115.55,51.19,BANFF CS,3050519,1995-05-16,1995,5,16,,17.2,,1.5,,9.4,,8.6,,0,,0,,0,,0,,8,E,,,,
-115.55,51.19,BANFF CS,3050519,1995-05-17,1995,5,17,,17.9,,3.5,,10.7,,7.3,,0,,0.2,,0,,0.2,,7,E,,,,
-115.55,51.19,BANFF CS,3050519,1995-05-18,1995,5,18,,12.8,,0.8,,6.8,,11.2,,0,,0,,1,E,1,E,5,E,,,,
-115.55,51.19,BANFF CS,3050519,1995-05-19,1995,5,19,,13.5,,-1.9,,5.8,,12.2,,0,,0,,0,,0,,5,E,,,,
-115.55,51.19,BANFF CS,3050519,1995-05-20,1995,5,20,,14.3,,-3.3,,5.5,,12.5,,0,,0,,3.9,E,3.9,E,4,E,,,,
-115.55,51.19,BANFF CS,3050519,1995-05-21,1995,5,21,,13.4,,0.7,,7.1,,10.9,,0,,0,,0,,0,,6,E,,,,
-115.55,51.19,BANFF CS,3050519,1995-05-22,1995,5,22,,15.3,,-2.4,,6.5,,11.5,,0,,0,,0,,0,,5,E,,,,
-115.55,51.19,BANFF CS,3050519,1995-05-23,1995,5,23,,16.3,,-2.3,,7,,11,,0,,0,,0,T,0,T,5,E,,,,
-115.55,51.19,BANFF CS,3050519,1995-05-24,1995,5,24,,15.4,,-2.5,,6.5,,11.5,,0,,8.6,,2.4,E,11,E,6,E,,,,
-115.55,51.19,BANFF CS,3050519,1995-05-25,1995,5,25,,7.2,,-1.6,,2.8,,15.2,,0,,2,E,4,E,6,E,10,E,,,,
-115.55,51.19,BANFF CS,3050519,1995-05-26,1995,5,26,,15.6,,-4,,5.8,,12.2,,0,,0.4,,0,,0.4,,9,E,,,,
-115.55,51.19,BANFF CS,3050519,1995-05-27,1995,5,27,,22.3,,-2.3,,10,,8,,0,,0,,0,,0,,7,E,,,,
-115.55,51.19,BANFF CS,3050519,1995-05-28,1995,5,28,,24.5,,3.4,,14,,4,,0,,0,,0,,0,,,M,,,,
-115.55,51.19,BANFF CS,3050519,1995-05-29,1995,5,29,,24.9,,3.8,,14.4,,3.6,,0,,0,,0,,0,,,M,,,,
-115.55,51.19,BANFF CS,3050519,1995-05-30,1995,5,30,,23.9,,4.9,,14.4,,3.6,,0,,0,,0,,0,,,M,,,,
-115.55,51.19,BANFF CS,3050519,1995-05-31,1995,5,31,,19.9,,2.9,E,11.4,E,6.6,E,0,E,0,,0,,0,,7,E,,,,
-115.55,51.19,BANFF CS,3050519,1995-06-01,1995,6,1,,22.3,,1.6,,12,,6,,0,,0,,0,,0,,,,,,,
-115.55,51.19,BANFF CS,3050519,1995-06-02,1995,6,2,,22.9,,2,,12.5,,5.5,,0,,1.4,,0,,1.4,,,,,,,
-115.55,51.19,BANFF CS,3050519,1995-06-03,1995,6,3,,15.7,,6.3,,11,,7,,0,,4.6,,0,,4.6,,,,,,,
-115.55,51.19,BANFF CS,3050519,1995-06-04,1995,6,4,,22.6,,5.7,,14.2,,3.8,,0,,0,,0,,0,,,,,,,
-115.55,51.19,BANFF CS,3050519,1995-06-05,1995,6,5,,18.4,,8.2,,13.3,,4.7,,0,,1.4,,0,,1.4,,,,,,,
-115.55,51.19,BANFF CS,3050519,1995-06-06,1995,6,6,,10.7,,6.6,,8.7,,9.3,,0,,23.6,,0,,23.6,,,,,,,
-115.55,51.19,BANFF CS,3050519,1995-06-07,1995,6,7,,14.2,,2.2,E,8.2,E,9.8,E,0,E,0,,0,,0,,,,,,,
-115.55,51.19,BANFF CS,3050519,1995-06-08,1995,6,8,,15.4,,-2.9,E,6.3,E,11.7,E,0,E,0,,0,,0,,,,,,,
-115.55,51.19,BANFF CS,3050519,1995-06-09,1995,6,9,,17.3,,-1.8,,7.8,,10.2,,0,,0,,0,,0,,,,,,,
-115.55,51.19,BANFF CS,3050519,1995-06-10,1995,6,10,,22.6,,0.7,,11.7,,6.3,,0,,0,,0,,0,,,,,,,
-115.55,51.19,BANFF CS,3050519,1995-06-11,1995,6,11,,18.4,,6,,12.2,,5.8,,0,,1.2,,0,,1.2,,,,,,,
-115.55,51.19,BANFF CS,3050519,1995-06-12,1995,6,12,,19.2,E,4.2,E,11.7,E,6.3,E,0,E,0,,0,,0,,,,,,,
-115.55,51.19,BANFF CS,3050519,1995-06-13,1995,6,13,,17,E,3.4,E,10.2,E,7.8,E,0,E,0,,0,,0,,,,,,,
-115.55,51.19,BANFF CS,3050519,1995-06-14,1995,6,14,,12.4,,7.5,,10,,8,,0,,1.6,,0,,1.6,,,,,,,
-115.55,51.19,BANFF CS,3050519,1995-06-15,1995,6,15,,20.2,,6,,13.1,,4.9,,0,,0,,0,,0,,,,,,,
-115.55,51.19,BANFF CS,3050519,1995-06-16,1995,6,16,,23,,4.4,,13.7,,4.3,,0,,0.4,,0,,0.4,,,,,,,
-115.55,51.19,BANFF CS,3050519,1995-06-17,1995,6,17,,17.5,,9.1,,13.3,,4.7,,0,,4,,0,,4,,,,,,,
-115.55,51.19,BANFF CS,3050519,1995-06-18,1995,6,18,,10.8,,5.9,,8.4,,9.6,,0,,18,,0,,18,,,,,,,
-115.55,51.19,BANFF CS,3050519,1995-06-19,1995,6,19,,18.7,,4.9,,11.8,,6.2,,0,,8.6,,0,,8.6,,,,,,,
-115.55,51.19,BANFF CS,3050519,1995-06-20,1995,6,20,,11.1,E,6.7,E,8.9,E,9.1,E,0,E,5.6,E,0,,5.6,E,,,,,,
-115.55,51.19,BANFF CS,3050519,1995-06-21,1995,6,21,,15.1,,6.7,,10.9,,7.1,,0,,6.4,,0,,6.4,,,,,,,
-115.55,51.19,BANFF CS,3050519,1995-06-22,1995,6,22,,19.2,,5.9,E,12.6,E,5.4,E,0,E,0.4,,0,,0.4,,,,,,,
-115.55,51.19,BANFF CS,3050519,1995-06-23,1995,6,23,,23.7,,4.1,,13.9,,4.1,,0,,0,,0,,0,,,,,,,
-115.55,51.19,BANFF CS,3050519,1995-06-24,1995,6,24,,23.9,,5.1,,14.5,,3.5,,0,,0,,0,,0,,,,,,,
-115.55,51.19,BANFF CS,3050519,1995-06-25,1995,6,25,,23.6,,7.3,,15.5,,2.5,,0,,0,,0,,0,,,,,,,
-115.55,51.19,BANFF CS,3050519,1995-06-26,1995,6,26,,13.3,,4.5,,8.9,,9.1,,0,,3.6,,0,,3.6,,,,,,,
-115.55,51.19,BANFF CS,3050519,1995-06-27,1995,6,27,,14.1,,2.9,,8.5,,9.5,,0,,2,,0,,2,,,,,,,
-115.55,51.19,BANFF CS,3050519,1995-06-28,1995,6,28,,16.8,E,,M,,M,,M,,M,1.2,,0,,1.2,,,,,,,
-115.55,51.19,BANFF CS,3050519,1995-06-29,1995,6,29,,21.4,,4.2,,12.8,,5.2,,0,,0,,0,,0,,,,,,,
-115.55,51.19,BANFF CS,3050519,1995-06-30,1995,6,30,,20.8,,5.4,,13.1,,4.9,,0,,5,,0,,5,,,,,,,
-115.55,51.19,BANFF CS,3050519,1995-07-01,1995,7,1,,20.9,,6,,13.5,,4.5,,0,,1.6,,0,,1.6,,,,,,,
-115.55,51.19,BANFF CS,3050519,1995-07-02,1995,7,2,,17.1,,8.9,,13,,5,,0,,2.8,,0,,2.8,,,,,,,
-115.55,51.19,BANFF CS,3050519,1995-07-03,1995,7,3,,13.5,,9.1,,11.3,,6.7,,0,,11.8,,0,,11.8,,,,,,,
-115.55,51.19,BANFF CS,3050519,1995-07-04,1995,7,4,,18.6,,7.7,,13.2,,4.8,,0,,3.4,,0,,3.4,,,,,,,
-115.55,51.19,BANFF CS,3050519,1995-07-05,1995,7,5,,19.2,,7.1,,13.2,,4.8,,0,,1.4,,0,,1.4,,,,,,,
-115.55,51.19,BANFF CS,3050519,1995-07-06,1995,7,6,,21.7,,4.2,,13,,5,,0,,0.8,,0,,0.8,,,,,,,
-115.55,51.19,BANFF CS,3050519,1995-07-07,1995,7,7,,19.6,,10.4,,15,,3,,0,,0.4,,0,,0.4,,,,,,,
-115.55,51.19,BANFF CS,3050519,1995-07-08,1995,7,8,,21.3,,8.3,,14.8,,3.2,,0,,0,,0,,0,,,,,,,
-115.55,51.19,BANFF CS,3050519,1995-07-09,1995,7,9,,22,,7,,14.5,,3.5,,0,,10.6,,0,,10.6,,,,,,,
-115.55,51.19,BANFF CS,3050519,1995-07-10,1995,7,10,,22,,8.4,,15.2,,2.8,,0,,0.2,,0,,0.2,,,,,,,
-115.55,51.19,BANFF CS,3050519,1995-07-11,1995,7,11,,17.7,,7.6,,12.7,,5.3,,0,,2.6,,0,,2.6,,,,,,,
-115.55,51.19,BANFF CS,3050519,1995-07-12,1995,7,12,,19.9,,3.7,,11.8,,6.2,,0,,0,,0,,0,,,,,,,
-115.55,51.19,BANFF CS,3050519,1995-07-13,1995,7,13,,22.3,,3.3,,12.8,,5.2,,0,,0,,0,,0,,,,,,,
-115.55,51.19,BANFF CS,3050519,1995-07-14,1995,7,14,,20.7,,9.8,,15.3,,2.7,,0,,0,T,0,,0,T,,,,,,
-115.55,51.19,BANFF CS,3050519,1995-07-15,1995,7,15,,22,,5.9,,14,,4,,0,,0,,0,,0,,,,,,,
-115.55,51.19,BANFF CS,3050519,1995-07-16,1995,7,16,,23.3,,5,,14.2,,3.8,,0,,0,,0,,0,,,,,,,
-115.55,51.19,BANFF CS,3050519,1995-07-17,1995,7,17,,22.9,,5.1,,14,,4,,0,,0,T,0,,0,T,,,,,,
-115.55,51.19,BANFF CS,3050519,1995-07-18,1995,7,18,,18.2,,9.3,,13.8,,4.2,,0,,6.4,,0,,6.4,,,,,,,
-115.55,51.19,BANFF CS,3050519,1995-07-19,1995,7,19,,23.6,,3.2,,13.4,,4.6,,0,,0,,0,,0,,,,,,,
-115.55,51.19,BANFF CS,3050519,1995-07-20,1995,7,20,,21.1,,8.7,,14.9,,3.1,,0,,5.8,,0,,5.8,,,,,,,
-115.55,51.19,BANFF CS,3050519,1995-07-21,1995,7,21,,18.3,,8.4,,13.4,,4.6,,0,,6,,0,,6,,,,,,,
-115.55,51.19,BANFF CS,3050519,1995-07-22,1995,7,22,,21.8,,7.1,,14.5,,3.5,,0,,0,,0,,0,,,,,,,
-115.55,51.19,BANFF CS,3050519,1995-07-23,1995,7,23,,18.5,,11,,14.8,,3.2,,0,,1.2,,0,,1.2,,,,,,,
-115.55,51.19,BANFF CS,3050519,1995-07-24,1995,7,24,,19,E,9.1,,14.1,E,3.9,E,0,E,0,,0,,0,,,,,,,
-115.55,51.19,BANFF CS,3050519,1995-07-25,1995,7,25,,19.1,,13.2,,16.2,,1.8,,0,,0,,0,,0,,,,,,,
-115.55,51.19,BANFF CS,3050519,1995-07-26,1995,7,26,,20,,13.4,,16.7,,1.3,,0,,0.4,,0,,0.4,,,,,,,
-115.55,51.19,BANFF CS,3050519,1995-07-27,1995,7,27,,16.2,,8.4,,12.3,,5.7,,0,,0.6,,0,,0.6,,,,,,,
-115.55,51.19,BANFF CS,3050519,1995-07-28,1995,7,28,,20.4,,0.8,,10.6,,7.4,,0,,1.4,,0,,1.4,,,,,,,
-115.55,51.19,BANFF CS,3050519,1995-07-29,1995,7,29,,14.8,,8.5,,11.7,,6.3,,0,,4.4,,0,,4.4,,,,,,,
-115.55,51.19,BANFF CS,3050519,1995-07-30,1995,7,30,,17.2,,5,,11.1,,6.9,,0,,0.4,,0,,0.4,,,,,,,
-115.55,51.19,BANFF CS,3050519,1995-07-31,1995,7,31,,19.7,,11.1,,15.4,,2.6,,0,,0,,0,,0,,,,,,,
-115.55,51.19,BANFF CS,3050519,1995-08-01,1995,8,1,,17.6,,7.5,,12.6,,5.4,,0,,2.8,,0,,2.8,,,,,,,
-115.55,51.19,BANFF CS,3050519,1995-08-02,1995,8,2,,20.6,,6.4,,13.5,,4.5,,0,,0.2,,0,,0.2,,,,,,,
-115.55,51.19,BANFF CS,3050519,1995-08-03,1995,8,3,,21.5,,3.6,,12.6,,5.4,,0,,0,,0,,0,,,,,,,
-115.55,51.19,BANFF CS,3050519,1995-08-04,1995,8,4,,25.1,,5.5,,15.3,,2.7,,0,,0,,0,,0,,,,,,,
-115.55,51.19,BANFF CS,3050519,1995-08-05,1995,8,5,,24.6,,8,E,16.3,E,1.7,E,0,E,1.2,,0,,1.2,,,,,,,
-115.55,51.19,BANFF CS,3050519,1995-08-06,1995,8,6,,12.3,,7.5,,9.9,,8.1,,0,,14.6,,0,,14.6,,,,,,,
-115.55,51.19,BANFF CS,3050519,1995-08-07,1995,8,7,,12.8,,6.9,,9.9,,8.1,,0,,13.2,,0,,13.2,,,,,,,
-115.55,51.19,BANFF CS,3050519,1995-08-08,1995,8,8,,13.5,,5.4,,9.5,,8.5,,0,,1,,0,,1,,,,,,,
-115.55,51.19,BANFF CS,3050519,1995-08-09,1995,8,9,,18.3,,5.5,,11.9,,6.1,,0,,0.2,,0,,0.2,,,,,,,
-115.55,51.19,BANFF CS,3050519,1995-08-10,1995,8,10,,17.7,,4,,10.9,,7.1,,0,,0,T,0,,0,T,,,,,,
-115.55,51.19,BANFF CS,3050519,1995-08-11,1995,8,11,,15.9,,8.4,,12.2,,5.8,,0,,8.8,,0,,8.8,,,,,,,
-115.55,51.19,BANFF CS,3050519,1995-08-12,1995,8,12,,12.5,,5.9,,9.2,,8.8,,0,,2.6,,0,,2.6,,,,,,,
-115.55,51.19,BANFF CS,3050519,1995-08-13,1995,8,13,,17.3,,6.2,,11.8,,6.2,,0,,0,T,0,,0,T,,,,,,
-115.55,51.19,BANFF CS,3050519,1995-08-14,1995,8,14,,15.6,,5.1,,10.4,,7.6,,0,,0,,0,,0,,,,,,,
-115.55,51.19,BANFF CS,3050519,1995-08-15,1995,8,15,,17.6,,6.2,,11.9,,6.1,,0,,1.2,,0,,1.2,,,,,,,
-115.55,51.19,BANFF CS,3050519,1995-08-16,1995,8,16,,15.2,,4.8,,10,,8,,0,,0.2,,0,,0.2,,,,,,,
-115.55,51.19,BANFF CS,3050519,1995-08-17,1995,8,17,,16.1,,4.4,,10.3,,7.7,,0,,3.4,,0,,3.4,,,,,,,
-115.55,51.19,BANFF CS,3050519,1995-08-18,1995,8,18,,13,,4.4,,8.7,,9.3,,0,,0.8,,0,,0.8,,,,,,,
-115.55,51.19,BANFF CS,3050519,1995-08-19,1995,8,19,,16,,7.1,,11.6,,6.4,,0,,0.2,,0,,0.2,,,,,,,
-115.55,51.19,BANFF CS,3050519,1995-08-20,1995,8,20,,20,,4.7,,12.4,,5.6,,0,,0,,0,,0,,,,,,,
-115.55,51.19,BANFF CS,3050519,1995-08-21,1995,8,21,,23.3,,1.1,,12.2,,5.8,,0,,0.8,,0,,0.8,,,,,,,
-115.55,51.19,BANFF CS,3050519,1995-08-22,1995,8,22,,22.5,,1.5,,12,,6,,0,,0,,0,,0,,,,,,,
-115.55,51.19,BANFF CS,3050519,1995-08-23,1995,8,23,,23.6,,0.4,,12,,6,,0,,0,,0,,0,,,,,,,
-115.55,51.19,BANFF CS,3050519,1995-08-24,1995,8,24,,17.3,E,3,E,10.2,E,7.8,E,0,E,3.4,E,0,,3.4,E,,,,,,
-115.55,51.19,BANFF CS,3050519,1995-08-25,1995,8,25,,17.2,,-0.5,,8.4,,9.6,,0,,0,,0,,0,,,,,,,
-115.55,51.19,BANFF CS,3050519,1995-08-26,1995,8,26,,18.6,,0.5,,9.6,,8.4,,0,,0.4,,0,,0.4,,,,,,,
-115.55,51.19,BANFF CS,3050519,1995-08-27,1995,8,27,,18.2,,1.9,,10.1,,7.9,,0,,0,,0,,0,,,,,,,
-115.55,51.19,BANFF CS,3050519,1995-08-28,1995,8,28,,21.2,,0.1,,10.7,,7.3,,0,,0,,0,,0,,,,,,,
-115.55,51.19,BANFF CS,3050519,1995-08-29,1995,8,29,,15,E,3.8,,9.4,E,8.6,E,0,E,6.4,,0,,6.4,,,,,,,
-115.55,51.19,BANFF CS,3050519,1995-08-30,1995,8,30,,16.9,,4.2,,10.6,,7.4,,0,,0.2,,0,,0.2,,,,,,,
-115.55,51.19,BANFF CS,3050519,1995-08-31,1995,8,31,,19.9,,0.9,,10.4,,7.6,,0,,0,,0,,0,,,,,,,
-115.55,51.19,BANFF CS,3050519,1995-09-01,1995,9,1,,22.2,,2.1,,12.2,,5.8,,0,,0,,0,,0,,,,,,,
-115.55,51.19,BANFF CS,3050519,1995-09-02,1995,9,2,,24.4,,0.9,,12.7,,5.3,,0,,0,,0,,0,,,,,,,
-115.55,51.19,BANFF CS,3050519,1995-09-03,1995,9,3,,26.2,,3.7,,15,,3,,0,,0,,0,,0,,,,,,,
-115.55,51.19,BANFF CS,3050519,1995-09-04,1995,9,4,,26.4,,-1.6,,12.4,,5.6,,0,,0,,0,,0,,,,,,,
-115.55,51.19,BANFF CS,3050519,1995-09-05,1995,9,5,,19.4,,9.6,,14.5,,3.5,,0,,8.6,,0,,8.6,,,,,,,
-115.55,51.19,BANFF CS,3050519,1995-09-06,1995,9,6,,12.7,,7.6,,10.2,,7.8,,0,,18.2,,0,,18.2,,,,,,,
-115.55,51.19,BANFF CS,3050519,1995-09-07,1995,9,7,,15.3,,7.1,,11.2,,6.8,,0,,0,,0,,0,,,,,,,
-115.55,51.19,BANFF CS,3050519,1995-09-08,1995,9,8,,19.6,,1.8,,10.7,,7.3,,0,,0,,0,,0,,,,,,,
-115.55,51.19,BANFF CS,3050519,1995-09-09,1995,9,9,,22.8,,1.9,,12.4,,5.6,,0,,0,,0,,0,,,,,,,
-115.55,51.19,BANFF CS,3050519,1995-09-10,1995,9,10,,24.5,,2,,13.3,,4.7,,0,,0,,0,,0,,,,,,,
-115.55,51.19,BANFF CS,3050519,1995-09-11,1995,9,11,,22.7,,6.3,,14.5,,3.5,,0,,0,,0,,0,,,,,,,
-115.55,51.19,BANFF CS,3050519,1995-09-12,1995,9,12,,23.3,,10.2,,16.8,,1.2,,0,,0,,0,,0,,,,,,,
-115.55,51.19,BANFF CS,3050519,1995-09-13,1995,9,13,,22.5,,6.5,,14.5,,3.5,,0,,0,,0,,0,,,,,,,
-115.55,51.19,BANFF CS,3050519,1995-09-14,1995,9,14,,23.6,,2,,12.8,,5.2,,0,,0,,0,,0,,,,,,,
-115.55,51.19,BANFF CS,3050519,1995-09-15,1995,9,15,,13.7,,6.2,,10,,8,,0,,0,T,0,,0,T,,,,,,
-115.55,51.19,BANFF CS,3050519,1995-09-16,1995,9,16,,19.4,,0.7,,10.1,,7.9,,0,,0,,0,,0,,,,,,,
-115.55,51.19,BANFF CS,3050519,1995-09-17,1995,9,17,,15.3,,3.2,,9.3,,8.7,,0,,0,,0,T,0,T,,,,,,
-115.55,51.19,BANFF CS,3050519,1995-09-18,1995,9,18,,6.9,,-1,,3,,15,,0,,2,E,1.7,E,3.7,E,,,,,,
-115.55,51.19,BANFF CS,3050519,1995-09-19,1995,9,19,,10,,-1.2,,4.4,,13.6,,0,,0,,1.2,E,1.2,E,,,,,,
-115.55,51.19,BANFF CS,3050519,1995-09-20,1995,9,20,,8.4,,-5,,1.7,,16.3,,0,,0,,0,,0,,,,,,,
-115.55,51.19,BANFF CS,3050519,1995-09-21,1995,9,21,,16.7,,-4.6,,6.1,,11.9,,0,,0,,0,,0,,,,,,,
-115.55,51.19,BANFF CS,3050519,1995-09-22,1995,9,22,,14.9,,-1.4,,6.8,,11.2,,0,,0,,0,,0,,,,,,,
-115.55,51.19,BANFF CS,3050519,1995-09-23,1995,9,23,,18.8,,-0.7,,9.1,,8.9,,0,,0,,0,,0,,,,,,,
-115.55,51.19,BANFF CS,3050519,1995-09-24,1995,9,24,,22.7,,-2.6,,10.1,,7.9,,0,,0,,0,,0,,,,,,,
-115.55,51.19,BANFF CS,3050519,1995-09-25,1995,9,25,,22,,-1.6,,10.2,,7.8,,0,,0,,0,,0,,,,,,,
-115.55,51.19,BANFF CS,3050519,1995-09-26,1995,9,26,,21.2,,-1.5,,9.9,,8.1,,0,,0,,0,,0,,,,,,,
-115.55,51.19,BANFF CS,3050519,1995-09-27,1995,9,27,,12.8,,5.9,,9.4,,8.6,,0,,0,,0,,0,,,,,,,
-115.55,51.19,BANFF CS,3050519,1995-09-28,1995,9,28,,13,,4,,8.5,,9.5,,0,,0,,0,,0,,,,,,,
-115.55,51.19,BANFF CS,3050519,1995-09-29,1995,9,29,,13.6,,-0.9,,6.4,,11.6,,0,,0,,1,E,1,E,,,,,,
-115.55,51.19,BANFF CS,3050519,1995-09-30,1995,9,30,,13.4,,4.2,,8.8,,9.2,,0,,0,,0,,0,,,,,,,
-115.55,51.19,BANFF CS,3050519,1995-10-01,1995,10,1,,8.7,,-0.2,,4.3,,13.7,,0,,9.8,,0,,9.8,,9,,,,,
-115.55,51.19,BANFF CS,3050519,1995-10-02,1995,10,2,,9.1,,-3,,3.1,,14.9,,0,,0,,0,,0,,10,,,,,
-115.55,51.19,BANFF CS,3050519,1995-10-03,1995,10,3,,4.8,,0.2,,2.5,,15.5,,0,,2.8,,0,,2.8,,9,,,,,
-115.55,51.19,BANFF CS,3050519,1995-10-04,1995,10,4,,8.6,,-3.4,,2.6,,15.4,,0,,0,,1.2,E,1.2,E,8,,,,,
-115.55,51.19,BANFF CS,3050519,1995-10-05,1995,10,5,,9.3,,-4.2,,2.6,,15.4,,0,,0,,0,,0,,9,,,,,
-115.55,51.19,BANFF CS,3050519,1995-10-06,1995,10,6,,9.8,,-1.8,,4,,14,,0,,0,,0,,0,,9,,,,,
-115.55,51.19,BANFF CS,3050519,1995-10-07,1995,10,7,,10,,-4.7,,2.7,,15.3,,0,,0,,0,,0,,9,,,,,
-115.55,51.19,BANFF CS,3050519,1995-10-08,1995,10,8,,9.4,,1.6,,5.5,,12.5,,0,,0.2,,0,,0.2,,9,,,,,
-115.55,51.19,BANFF CS,3050519,1995-10-09,1995,10,9,,8.4,,0.9,,4.7,,13.3,,0,,0,,0,,0,,9,,,,,
-115.55,51.19,BANFF CS,3050519,1995-10-10,1995,10,10,,6.6,,1.9,,4.3,,13.7,,0,,6.2,,0,,6.2,,9,,,,,
-115.55,51.19,BANFF CS,3050519,1995-10-11,1995,10,11,,6.6,,0.5,,3.6,,14.4,,0,,1.4,,0,,1.4,,9,,,,,
-115.55,51.19,BANFF CS,3050519,1995-10-12,1995,10,12,,6.6,,-1.5,,2.6,,15.4,,0,,8.6,,5,E,13.6,E,7,,,,,
-115.55,51.19,BANFF CS,3050519,1995-10-13,1995,10,13,,6.5,,-1.7,,2.4,,15.6,,0,,0,,0,,0,,9,,,,,
-115.55,51.19,BANFF CS,3050519,1995-10-14,1995,10,14,,10.7,,3.3,,7,,11,,0,,1,,0,,1,,9,,,,,
-115.55,51.19,BANFF CS,3050519,1995-10-15,1995,10,15,,14.2,,4.5,,9.4,,8.6,,0,,0.4,,0,,0.4,,9,,,,,
-115.55,51.19,BANFF CS,3050519,1995-10-16,1995,10,16,,11.8,,1.4,,6.6,,11.4,,0,,4.2,,0,,4.2,,9,,,,,
-115.55,51.19,BANFF CS,3050519,1995-10-17,1995,10,17,,7.4,,-3.3,,2.1,,15.9,,0,,0,,0,,0,,10,,,,,
-115.55,51.19,BANFF CS,3050519,1995-10-18,1995,10,18,,7.2,,-0.1,,3.6,,14.4,,0,,0,,0,,0,,10,,,,,
-115.55,51.19,BANFF CS,3050519,1995-10-19,1995,10,19,,8.3,,-3.4,,2.5,,15.5,,0,,0,,0,,0,,10,,,,,
-115.55,51.19,BANFF CS,3050519,1995-10-20,1995,10,20,,6.1,,0,,3.1,,14.9,,0,,0,,0,,0,,10,,,,,
-115.55,51.19,BANFF CS,3050519,1995-10-21,1995,10,21,,6.6,,-1.5,,2.6,,15.4,,0,,0.2,,0,,0.2,,10,,,,,
-115.55,51.19,BANFF CS,3050519,1995-10-22,1995,10,22,,6.1,,-6.6,,-0.3,,18.3,,0,,1,,0,,1,,10,,,,,
-115.55,51.19,BANFF CS,3050519,1995-10-23,1995,10,23,,5.8,,-1.8,,2,,16,,0,,0,,0,,0,,10,,,,,
-115.55,51.19,BANFF CS,3050519,1995-10-24,1995,10,24,,4.8,,-0.4,,2.2,,15.8,,0,,0,,0,,0,,10,,,,,
-115.55,51.19,BANFF CS,3050519,1995-10-25,1995,10,25,,4.7,,-1.5,,1.6,,16.4,,0,,0,,0,,0,,10,,,,,
-115.55,51.19,BANFF CS,3050519,1995-10-26,1995,10,26,,6.6,,0,,3.3,,14.7,,0,,0.2,,0,,0.2,,9,,,,,
-115.55,51.19,BANFF CS,3050519,1995-10-27,1995,10,27,,3.5,,-4.1,,-0.3,,18.3,,0,,0,,0,,0,,10,,,,,
-115.55,51.19,BANFF CS,3050519,1995-10-28,1995,10,28,,3.5,,-7.5,,-2,,20,,0,,0,,0,,0,,10,,,,,
-115.55,51.19,BANFF CS,3050519,1995-10-29,1995,10,29,,-0.8,,-6.7,,-3.8,,21.8,,0,,0,,1.2,E,1.2,E,9,,,,,
-115.55,51.19,BANFF CS,3050519,1995-10-30,1995,10,30,,0.6,,-13.5,,-6.5,,24.5,,0,,0,,0,T,0,T,10,,,,,
-115.55,51.19,BANFF CS,3050519,1995-10-31,1995,10,31,,-4,,-10.7,,-7.4,,25.4,,0,,0,,0.2,E,0.2,E,10,,,,,
-115.55,51.19,BANFF CS,3050519,1995-11-01,1995,11,1,,-1.9,,-17.4,,-9.7,,27.7,,0,,0,,0,,0,,10,,,,,
-115.55,51.19,BANFF CS,3050519,1995-11-02,1995,11,2,,1.1,,-16.8,,-7.9,,25.9,,0,,0,,0,,0,,10,,,,,
-115.55,51.19,BANFF CS,3050519,1995-11-03,1995,11,3,,2.4,,-9.8,,-3.7,,21.7,,0,,0,,0,,0,,10,,,,,
-115.55,51.19,BANFF CS,3050519,1995-11-04,1995,11,4,,0.8,,-7.7,,-3.5,,21.5,,0,,0,,0,,0,,10,,,,,
-115.55,51.19,BANFF CS,3050519,1995-11-05,1995,11,5,,0.9,,-8.2,,-3.7,,21.7,,0,,0,,0,,0,,10,,,,,
-115.55,51.19,BANFF CS,3050519,1995-11-06,1995,11,6,,-3.7,,-13.3,,-8.5,,26.5,,0,,0,,1.1,,1.1,,8,,,,,
-115.55,51.19,BANFF CS,3050519,1995-11-07,1995,11,7,,-7.5,,-13.9,,-10.7,,28.7,,0,,0,,5.7,,5.7,,9,,,,,
-115.55,51.19,BANFF CS,3050519,1995-11-08,1995,11,8,,-7,E,-12.4,E,-9.7,E,27.7,E,0,E,0,,7.2,E,7.2,E,15,,,,,
-115.55,51.19,BANFF CS,3050519,1995-11-09,1995,11,9,,-11.6,,-17,,-14.3,,32.3,,0,,0,,20.4,E,20.4,E,34,,,,,
-115.55,51.19,BANFF CS,3050519,1995-11-10,1995,11,10,,-12.9,,-31,,-22,,40,,0,,0,,0,,0,,30,,,,,
-115.55,51.19,BANFF CS,3050519,1995-11-11,1995,11,11,,-3.1,,-13.3,,-8.2,,26.2,,0,,0,,1.4,,1.4,,28,,,,,
-115.55,51.19,BANFF CS,3050519,1995-11-12,1995,11,12,,1.8,,-4.7,,-1.5,,19.5,,0,,0,,1.2,,1.2,,24,,,,,
-115.55,51.19,BANFF CS,3050519,1995-11-13,1995,11,13,,0.7,,-4.6,,-2,,20,,0,,0,,0,,0,,24,,,,,
-115.55,51.19,BANFF CS,3050519,1995-11-14,1995,11,14,,4.5,,-1.4,,1.6,,16.4,,0,,0,,0,,0,,23,,,,,
-115.55,51.19,BANFF CS,3050519,1995-11-15,1995,11,15,,6.5,,0.6,,3.6,,14.4,,0,,0,,0,,0,,22,,,,,
-115.55,51.19,BANFF CS,3050519,1995-11-16,1995,11,16,,8,E,0.5,,4.3,E,13.7,E,0,E,0,,0,,0,,18,,,,,
-115.55,51.19,BANFF CS,3050519,1995-11-17,1995,11,17,,8.4,,0.5,,4.5,,13.5,,0,,0,T,1.1,,1.1,,17,,,,,
-115.55,51.19,BANFF CS,3050519,1995-11-18,1995,11,18,,9.1,,0.7,,4.9,,13.1,,0,,0,,0,,0,,11,,,,,
-115.55,51.19,BANFF CS,3050519,1995-11-19,1995,11,19,,3.2,,-5.9,,-1.4,,19.4,,0,,0,,0,,0,,10,,,,,
-115.55,51.19,BANFF CS,3050519,1995-11-20,1995,11,20,,0.2,,-10.9,,-5.4,,23.4,,0,,0,,0,,0,,9,,,,,
-115.55,51.19,BANFF CS,3050519,1995-11-21,1995,11,21,,2,,-8.4,,-3.2,,21.2,,0,,0,,1.1,,1.1,,10,,,,,
-115.55,51.19,BANFF CS,3050519,1995-11-22,1995,11,22,,3.6,,-3.4,,0.1,,17.9,,0,,0,,0,,0,,10,,,,,
-115.55,51.19,BANFF CS,3050519,1995-11-23,1995,11,23,,3.8,,-1,,1.4,,16.6,,0,,0,,6.9,E,6.9,E,11,,,,,
-115.55,51.19,BANFF CS,3050519,1995-11-24,1995,11,24,,6.5,,0.8,,3.7,,14.3,,0,,0,,0,,0,,9,,,,,
-115.55,51.19,BANFF CS,3050519,1995-11-25,1995,11,25,,4.6,,-1.4,,1.6,,16.4,,0,,0,,0,,0,,9,,,,,
-115.55,51.19,BANFF CS,3050519,1995-11-26,1995,11,26,,-0.8,E,-10.3,E,-5.6,E,23.6,E,0,E,0,,1.6,E,1.6,E,8,,,,,
-115.55,51.19,BANFF CS,3050519,1995-11-27,1995,11,27,,-3,,-10.4,,-6.7,,24.7,,0,,0,,2.3,,2.3,,9,,,,,
-115.55,51.19,BANFF CS,3050519,1995-11-28,1995,11,28,,-7.4,,-14,,-10.7,,28.7,,0,,0,,12.3,E,12.3,E,11,,,,,
-115.55,51.19,BANFF CS,3050519,1995-11-29,1995,11,29,,5.2,,-7.4,,-1.1,,19.1,,0,,0,,1.2,,1.2,,14,,,,,
-115.55,51.19,BANFF CS,3050519,1995-11-30,1995,11,30,,4.6,,-3,,0.8,,17.2,,0,,0,,5.8,E,5.8,E,15,,,,,
-115.55,51.19,BANFF CS,3050519,1995-12-01,1995,12,1,,2,,-3,,-0.5,,18.5,,0,,0,,3.8,E,3.8,E,14,,,,,
-115.55,51.19,BANFF CS,3050519,1995-12-02,1995,12,2,,-0.8,,-5.6,,-3.2,,21.2,,0,,0,,5.6,E,5.6,E,13,,,,,
-115.55,51.19,BANFF CS,3050519,1995-12-03,1995,12,3,,-1.8,,-4.9,,-3.4,,21.4,,0,,0,,0,,0,,15,,,,,
-115.55,51.19,BANFF CS,3050519,1995-12-04,1995,12,4,,-1.1,,-9.5,,-5.3,,23.3,,0,,0,,5.4,E,5.4,E,14,,,,,
-115.55,51.19,BANFF CS,3050519,1995-12-05,1995,12,5,,-9.1,,-19.4,,-14.3,,32.3,,0,,0,,0,,0,,13,,,,,
-115.55,51.19,BANFF CS,3050519,1995-12-06,1995,12,6,,-11,,-22.2,,-16.6,,34.6,,0,,0,,0,,0,,13,,,,,
-115.55,51.19,BANFF CS,3050519,1995-12-07,1995,12,7,,-20.5,,-33.4,,-27,,45,,0,,0,,0,,0,,13,,,,,
-115.55,51.19,BANFF CS,3050519,1995-12-08,1995,12,8,,-18.9,,-34,,-26.5,,44.5,,0,,0,,0,,0,,13,,,,,
-115.55,51.19,BANFF CS,3050519,1995-12-09,1995,12,9,,-16.6,,-26.5,,-21.6,,39.6,,0,,0,,0,,0,,13,,,,,
-115.55,51.19,BANFF CS,3050519,1995-12-10,1995,12,10,,-17.2,,-20.4,,-18.8,,36.8,,0,,0,,12,E,12,E,17,,,,,
-115.55,51.19,BANFF CS,3050519,1995-12-11,1995,12,11,,-15.2,,-22.2,,-18.7,,36.7,,0,,0,,10.8,E,10.8,E,24,,,,,
-115.55,51.19,BANFF CS,3050519,1995-12-12,1995,12,12,,-13.2,,-19.1,,-16.2,,34.2,,0,,0,,4.8,,4.8,,29,,,,,
-115.55,51.19,BANFF CS,3050519,1995-12-13,1995,12,13,,1,E,-14.7,,-6.9,E,24.9,E,0,E,0,,4,E,4,E,32,,,,,
-115.55,51.19,BANFF CS,3050519,1995-12-14,1995,12,14,,4,E,-6.2,E,-1.1,E,19.1,E,0,E,0,,4.7,E,4.7,E,29,,,,,
-115.55,51.19,BANFF CS,3050519,1995-12-15,1995,12,15,,0.7,,-8,,-3.7,,21.7,,0,,0,,0,,0,,29,,,,,
-115.55,51.19,BANFF CS,3050519,1995-12-16,1995,12,16,,-1.7,,-11.4,,-6.6,,24.6,,0,,0,,0,,0,,27,,,,,
-115.55,51.19,BANFF CS,3050519,1995-12-17,1995,12,17,,-3.3,,-14.3,,-8.8,,26.8,,0,,0,,0,,0,,27,,,,,
-115.55,51.19,BANFF CS,3050519,1995-12-18,1995,12,18,,-3.5,,-8.4,,-6,,24,,0,,0,,1.3,,1.3,,26,,,,,
-115.55,51.19,BANFF CS,3050519,1995-12-19,1995,12,19,,-2.2,,-7.9,,-5.1,,23.1,,0,,0,,3.7,,3.7,,29,,,,,
-115.55,51.19,BANFF CS,3050519,1995-12-20,1995,12,20,,-4,,-10.9,E,-7.5,E,25.5,E,0,E,0,,0,,0,,30,,,,,
-115.55,51.19,BANFF CS,3050519,1995-12-21,1995,12,21,,-6.9,,-11.8,,-9.4,,27.4,,0,,0,,0,,0,,29,,,,,
-115.55,51.19,BANFF CS,3050519,1995-12-22,1995,12,22,,-7.4,,-13.8,,-10.6,,28.6,,0,,0,,0,,0,,29,,,,,
-115.55,51.19,BANFF CS,3050519,1995-12-23,1995,12,23,,-5.8,,-14.2,,-10,,28,,0,,0,,0,,0,,28,,,,,
-115.55,51.19,BANFF CS,3050519,1995-12-24,1995,12,24,,-3.1,,-12.7,,-7.9,,25.9,,0,,0,,0,,0,,28,,,,,
-115.55,51.19,BANFF CS,3050519,1995-12-25,1995,12,25,,-7.5,,-15,,-11.3,,29.3,,0,,0,,0,,0,,28,,,,,
-115.55,51.19,BANFF CS,3050519,1995-12-26,1995,12,26,,-6.6,,-15.8,,-11.2,,29.2,,0,,0,,0,,0,,28,,,,,
-115.55,51.19,BANFF CS,3050519,1995-12-27,1995,12,27,,-5.8,,-14.9,,-10.4,,28.4,,0,,0,,0,,0,,28,,,,,
-115.55,51.19,BANFF CS,3050519,1995-12-28,1995,12,28,,-4.2,,-12.3,,-8.3,,26.3,,0,,0,,0,,0,,28,,,,,
-115.55,51.19,BANFF CS,3050519,1995-12-29,1995,12,29,,-3.7,,-8.9,,-6.3,,24.3,,0,,0,,0,,0,,28,,,,,
-115.55,51.19,BANFF CS,3050519,1995-12-30,1995,12,30,,-3.7,,-8.1,,-5.9,,23.9,,0,,0,,0,,0,,28,,,,,
-115.55,51.19,BANFF CS,3050519,1995-12-31,1995,12,31,,-4.7,,-18.4,,-11.6,,29.6,,0,,0,,0,,0,,28,,,,,